{
	"partitions" : [
		{
			"name" : "Top",
			"pins" : [
				{
					"name" : "GPIO_1[0]",
					"strict" : false
				},
				{
					"name" : "GPIO_1[1]",
					"strict" : false
				},
				{
					"name" : "GPIO_1[2]",
					"strict" : false
				},
				{
					"name" : "GPIO_1[4]",
					"strict" : false
				},
				{
					"name" : "GPIO_1[5]",
					"strict" : false
				},
				{
					"name" : "GPIO_1[6]",
					"strict" : false
				},
				{
					"name" : "GPIO_1[8]",
					"strict" : false
				},
				{
					"name" : "GPIO_1[9]",
					"strict" : false
				},
				{
					"name" : "GPIO_1[10]",
					"strict" : false
				},
				{
					"name" : "GPIO_1[11]",
					"strict" : false
				},
				{
					"name" : "GPIO_1[12]",
					"strict" : false
				},
				{
					"name" : "GPIO_1[13]",
					"strict" : false
				},
				{
					"name" : "GPIO_1[14]",
					"strict" : false
				},
				{
					"name" : "KEY[2]",
					"strict" : false
				},
				{
					"name" : "KEY[3]",
					"strict" : false
				},
				{
					"name" : "KEY[0]",
					"strict" : false
				},
				{
					"name" : "KEY[1]",
					"strict" : false
				},
				{
					"name" : "CLOCK_50",
					"strict" : false
				}
			]
		}
	]
}