<?xml version="1.0" encoding="UTF-8"?>
<preferences>
 <debug showDebugMenu="0" />
 <systemtable filter="All Interfaces">
  <columns>
   <connections preferredWidth="127" />
   <irq preferredWidth="47" />
  </columns>
 </systemtable>
 <library
   expandedCategories="Project,Library,Library/Basic Functions/Simulation; Debug and Verification/Debug and Performance,Library/Basic Functions/Simulation; Debug and Verification,Library/Basic Functions" />
 <window width="2233" height="1367" x="1213" y="16" />
 <generation block_symbol_file="0" synthesis="VHDL" />
 <hdlexample language="VHDL" />
</preferences>
